{"mean":{"confidence_interval":{"confidence_level":0.95,"lower_bound":14108152718.8,"upper_bound":14370408508.0},"point_estimate":14246432770.5,"standard_error":66652427.41497482},"median":{"confidence_interval":{"confidence_level":0.95,"lower_bound":14168851704.0,"upper_bound":14373090215.5},"point_estimate":14240423154.5,"standard_error":54885063.868419364},"median_abs_dev":{"confidence_interval":{"confidence_level":0.95,"lower_bound":31818705.17490506,"upper_bound":333947948.45060974},"point_estimate":120754458.69297981,"standard_error":75571123.53948104},"slope":null,"std_dev":{"confidence_interval":{"confidence_level":0.95,"lower_bound":77029147.73519874,"upper_bound":313070155.1646717},"point_estimate":221212708.77470955,"standard_error":61920450.102123074}}